{
	"welcomeFile": "/index.html",
	"routes": [{
		"path": "/resources",
		"target": {
			"type": "service",
			"name": "sapui5",
			"entryPath": "/resources"
		},
		"description": "SAPUI5 Resources"
	}, {
		"path": "/test-resources",
		"target": {
			"type": "service",
			"name": "sapui5",
			"entryPath": "/test-resources"
		},
		"description": "SAPUI5 Test Resources"
	}, {
		"path": "/iotmms",
		"target": {
			"type": "destination",
			"name": "iotmms",
			"entryPath": "/"
		},
		"description": "IoT MMS API"
	}, {
		"path": "/HCPpsAppDest",
		"target": {
			"type": "destination",
			"name": "HCPpsAppDest"
		},
		"description": "Destination to  HCPps"
	}, {
		"path": "/predictiveApi",
		"target": {
			"type": "destination",
			"name": "predictiveApi"
		},
		"description": "Destination to  HCPps"
	}],
	"sendWelcomeFileRedirect": true,
	"cacheControl": [{
		"directive": "private",
		"maxAge": 0,
		"path": "**.html"
	}, {
		"directive": "private",
		"maxAge": 0,
		"path": "sap-ui-cachebuster-info.json"
	}, {
		"directive": "public",
		"maxAge": 31536000
	}]
}